Player,Team,Salary,S/C,Pos,GP,G,A,P,plus_minus,PIM,PperGP,EVG,EVP,PPG,PPP,SHG,SHP,OTG,GWG,S,TOI
Auston Matthews,TOR,15900000,L,C,27,21,15,36,8,6,1.33,13,26,8,10,0,0,1,7,112,1323
Connor McDavid,EDM,14000000,L,C,30,17,35,52,10,14,1.73,11,30,6,22,0,0,1,4,119,1349
John Tavares,TOR,12000000,L,C,30,9,17,26,11,6,0.87,4,17,5,9,0,0,0,1,83,1090
Nicklas Backstrom,WSH,12000000,L,C,27,10,20,30,-1,4,1.11,7,19,3,11,0,0,0,0,49,1132
Sebastian Aho,CAR,10570000,L,C,27,10,15,25,7,12,0.93,6,16,3,8,1,1,0,2,66,1160
Jack Eichel,BUF,10000000,R,C,21,2,16,18,-9,6,0.86,1,9,1,9,0,0,0,1,61,1230
Sidney Crosby,PIT,9600000,L,C,26,10,16,26,3,12,1,7,17,3,9,0,0,2,2,71,1207
Evgeni Malkin,PIT,9500000,L,C,27,7,15,22,-3,20,0.81,4,16,3,6,0,0,0,0,59,1121
Steven Stamkos,TBL,9500000,R,C,24,12,13,25,8,14,1.04,6,14,6,10,0,1,0,1,63,1109
Leon Draisaitl,EDM,9000000,L,C,30,16,29,45,20,10,1.5,6,26,9,18,1,1,0,5,88,1319
Logan Couture,SJS,9000000,L,C,25,13,9,22,1,10,0.88,11,16,2,6,0,0,0,2,64,1186
Anze Kopitar,LAK,8000000,L,C,27,7,25,32,2,4,1.19,4,13,3,19,0,0,0,2,59,1288
Charlie Coyle,BOS,8000000,R,C,24,5,3,8,-3,12,0.33,4,7,0,0,1,1,0,1,34,1017
Brayden Schenn,STL,8000000,L,C,28,12,12,24,4,11,0.86,9,18,3,6,0,0,0,0,69,1179
Ryan Johansen,NSH,8000000,R,C,20,2,6,8,-4,10,0.4,2,4,0,4,0,0,0,0,32,1075
Kevin Hayes,PHI,7500000,L,C,25,9,11,20,2,10,0.8,7,15,2,5,0,0,1,2,66,1122
Claude Giroux,PHI,7200000,R,C,23,5,14,19,5,10,0.83,5,13,0,6,0,0,0,1,49,1085
Jean-Gabriel Pageau,NYI,7000000,R,C,28,9,8,17,6,6,0.61,4,9,3,6,2,2,0,3,49,1013
David Krejci,BOS,7000000,R,C,21,1,12,13,2,12,0.62,0,7,1,6,0,0,0,0,31,1032
Nathan MacKinnon,COL,6150000,R,C,22,7,17,24,9,2,1.09,5,16,2,8,0,0,0,0,94,1237
Ryan O'Reilly,STL,6000000,L,C,28,9,18,27,9,16,0.96,7,21,2,6,0,0,0,1,68,1282
Brayden Point,TBL,6000000,R,C,26,10,15,25,8,11,0.96,7,16,3,9,0,0,1,3,71,1106
Ryan Nugent-Hopkins,EDM,6000000,L,C,30,10,13,23,-1,14,0.77,5,9,5,14,0,0,0,1,86,1279
Jordan Staal,CAR,6000000,L,C,25,10,12,22,3,18,0.88,5,11,5,10,0,1,1,2,46,1080
Sean Monahan,CGY,6000000,L,C,26,7,13,20,-1,8,0.77,3,12,4,8,0,0,0,3,62,1110
Ryan Getzlaf,ANA,6000000,R,C,27,3,8,11,-4,15,0.41,0,7,3,4,0,0,1,1,47,1041
William Karlsson,VGK,5900000,L,C,25,6,12,18,10,0,0.72,6,14,0,4,0,0,1,2,42,1116
Adam Henrique,ANA,5825000,L,C,25,6,4,10,-9,4,0.4,6,8,0,1,0,1,1,1,45,982
Travis Zajac,NJD,5750000,R,C,21,2,7,9,2,6,0.43,2,9,0,0,0,0,0,0,20,972
Mark Scheifele,WPG,5500000,R,C,27,12,24,36,1,8,1.33,9,26,3,10,0,0,0,2,54,1288
Paul Stastny,WPG,5500000,L,C,27,9,7,16,7,8,0.59,8,14,1,2,0,0,1,2,43,1080
Brock Nelson,NYI,5200000,L,C,29,12,5,17,-5,8,0.59,6,11,6,6,0,0,0,1,67,1061
Mika Zibanejad,NYR,5150000,R,C,26,3,8,11,-2,12,0.42,1,7,1,3,1,1,0,0,74,1189
Joe Pavelski,DAL,5000000,R,C,24,14,11,25,9,6,1.04,4,11,10,14,0,0,0,2,59,1188
Jonathan Marchessault,VGK,5000000,R,C,25,8,11,19,8,26,0.76,7,17,1,2,0,0,0,2,68,1000
Evgeny Kuznetsov,WSH,5000000,L,C,17,2,8,10,0,8,0.59,1,7,1,3,0,0,0,0,31,973
Aleksander Barkov,FLA,4750000,L,C,27,11,20,31,10,4,1.15,8,20,3,11,0,0,0,1,95,1269
Sean Couturier,PHI,4750000,L,C,15,6,12,18,7,4,1.2,5,14,1,4,0,0,0,3,37,1068
Tomas Hertl,SJS,4750000,L,C,19,7,7,14,-2,4,0.74,3,8,4,6,0,0,0,1,34,1150
Dylan Larkin,DET,4750000,L,C,25,6,7,13,-6,15,0.52,6,11,0,2,0,0,0,0,86,1236
Max Domi,CBJ,4600000,L,C,30,5,6,11,-12,35,0.37,4,9,1,2,0,0,0,0,53,882
J.T. Miller,VAN,4500000,L,C,28,7,19,26,-4,23,0.93,5,12,2,14,0,0,0,2,54,1248
Brandon Sutter,VAN,4500000,R,C,31,6,1,7,-6,2,0.23,5,6,0,0,1,1,0,0,50,888
Patrice Bergeron,BOS,4375000,R,C,25,10,14,24,10,4,0.96,4,13,4,9,2,2,1,1,82,1080
Mikael Backlund,CGY,4350000,L,C,27,5,8,13,-6,16,0.48,5,9,0,3,0,1,0,0,70,1036
Yanni Gourde,TBL,4100000,L,C,26,8,7,15,3,20,0.58,7,12,1,3,0,0,0,2,49,1039
Nick Bonino,MIN,4100000,L,C,25,3,3,6,-3,8,0.24,2,5,1,1,0,0,0,1,33,867
Mathew Barzal,NYI,4000000,R,C,29,9,15,24,14,30,0.83,8,19,1,5,0,0,0,1,75,1174
Nazem Kadri,COL,4000000,L,C,26,7,13,20,-8,16,0.77,4,12,3,8,0,0,0,3,83,1045
Ryan Strome,NYR,4000000,R,C,26,10,9,19,0,10,0.73,9,13,1,5,0,1,0,1,63,1105
Mike Hoffman,STL,4000000,L,C,27,7,12,19,12,6,0.7,6,14,1,5,0,0,2,2,63,938
Colin White,OTT,4000000,R,C,26,7,6,13,-6,10,0.5,5,9,2,4,0,0,0,0,44,891
Victor Rask,MIN,4000000,L,C,24,6,5,11,7,0,0.46,6,10,0,1,0,0,0,0,21,776
Casey Cizikas,NYI,4000000,L,C,29,4,7,11,3,15,0.38,4,11,0,0,0,0,0,2,36,821
Elias Lindholm,CGY,3850000,R,C,28,6,18,24,5,18,0.86,4,13,2,11,0,0,0,2,59,1264
Tyler Johnson,TBL,3750000,R,C,25,6,8,14,4,6,0.56,5,12,1,2,0,0,0,0,39,835
Mikael Granlund,NSH,3750000,L,C,25,5,5,10,-8,6,0.4,3,6,2,4,0,0,0,0,40,1167
Alexander Kerfoot,TOR,3600000,L,C,30,4,9,13,6,10,0.43,4,12,0,1,0,0,0,1,35,884
Vincent Trocheck,CAR,3500000,R,C,24,13,11,24,1,8,1,7,11,6,13,0,0,0,2,68,1125
Bo Horvat,VAN,3500000,L,C,31,12,9,21,-6,8,0.68,6,13,6,8,0,0,0,1,74,1160
Boone Jenner,CBJ,3500000,L,C,30,8,7,15,-3,2,0.5,6,13,1,1,1,1,0,0,57,1043
Christian Dvorak,ARI,3450000,L,C,28,9,8,17,-2,10,0.61,3,9,5,7,1,1,0,3,46,1142
Tyler Toffoli,MTL,3250000,R,C,27,15,8,23,12,8,0.85,11,17,2,3,2,3,0,2,85,1049
Phillip Danault,MTL,3250000,L,C,27,1,10,11,8,18,0.41,1,10,0,0,0,1,0,0,38,991
Andrew Cogliano,DAL,3250000,L,C,24,3,4,7,5,11,0.29,3,7,0,0,0,0,0,0,38,794
Derek Ryan,CGY,3125000,R,C,15,1,4,5,4,4,0.33,1,5,0,0,0,0,0,0,9,654
Nick Schmaltz,ARI,3000000,R,C,28,7,9,16,-4,6,0.57,5,11,2,5,0,0,0,1,58,1019
Eric Staal,BUF,3000000,L,C,26,3,7,10,-15,4,0.38,2,7,1,3,0,0,0,0,40,921
Artem Anisimov,OTT,3000000,L,C,14,2,2,4,-3,2,0.29,1,3,1,1,0,0,0,0,19,704
Robby Fabbri,DET,2800000,L,C,20,5,6,11,3,12,0.55,5,10,0,1,0,0,0,2,33,1015
Chris Tierney,OTT,2800000,L,C,31,3,8,11,-10,6,0.35,3,11,0,0,0,0,0,1,29,924
Riley Nash,CBJ,2750000,R,C,29,2,4,6,4,4,0.21,2,6,0,0,0,0,0,1,30,775
Nick Bjugstad,MIN,2625000,R,C,26,4,7,11,9,12,0.42,4,10,0,1,0,0,0,2,52,738
Sam Bennett,CGY,2550000,L,C,25,3,3,6,-10,15,0.24,3,6,0,0,0,0,0,1,46,790
Adam Lowry,WPG,2500000,L,C,27,5,10,15,0,9,0.56,5,13,0,2,0,0,0,2,46,963
Frank Vatrano,FLA,2500000,L,C,27,10,3,13,4,6,0.48,10,12,0,1,0,0,2,4,79,859
Lars Eller,WSH,2500000,L,C,22,5,7,12,-2,10,0.55,5,9,0,3,0,0,0,1,33,962
Colton Sissons,NSH,2500000,R,C,28,4,0,4,-1,10,0.14,4,4,0,0,0,0,0,0,24,841
Radek Faksa,DAL,2500000,L,C,24,3,5,8,-3,10,0.33,2,6,0,1,1,1,0,0,35,1040
Anthony Cirelli,TBL,2400000,L,C,20,8,9,17,10,6,0.85,5,12,1,3,2,2,0,2,36,1062
Andrew Copp,WPG,2300000,L,C,27,5,14,19,2,8,0.7,3,14,2,5,0,0,0,0,60,1132
Scott Laughton,PHI,2300000,L,C,22,7,8,15,8,10,0.68,7,15,0,0,0,0,1,1,35,931
Adrian Kempe,LAK,2250000,L,C,27,11,8,19,-8,16,0.7,7,8,4,11,0,0,1,2,74,1026
Mattias Janmark,CHI,2250000,L,C,29,9,6,15,-10,8,0.52,5,9,3,5,1,1,0,0,50,1038
Oskar Sundqvist,STL,2250000,R,C,26,4,5,9,-6,12,0.35,3,6,1,3,0,0,0,0,31,942
Calle Jarnkrok,NSH,2200000,R,C,22,6,3,9,-3,14,0.41,4,6,2,3,0,0,0,1,31,916
Jay Beagle,VAN,2200000,R,C,30,1,4,5,-2,8,0.17,1,5,0,0,0,0,0,0,21,751
Ryan Donato,SJS,2150000,L,C,25,3,9,12,-8,10,0.48,2,8,1,4,0,0,0,0,51,857
Pavel Zacha,NJD,2000000,L,C,25,7,10,17,-8,4,0.68,6,13,1,4,0,0,1,2,48,1030
Jeff Carter,LAK,2000000,R,C,27,5,9,14,-7,10,0.52,4,10,1,4,0,0,0,0,79,1025
Craig Smith,BOS,2000000,R,C,24,4,5,9,3,12,0.38,4,8,0,1,0,0,1,2,57,889
Cody Eakin,BUF,2000000,L,C,26,1,3,4,-7,6,0.15,1,4,0,0,0,0,0,0,22,797
Blake Coleman,TBL,1800000,L,C,25,6,7,13,8,21,0.52,5,12,1,1,0,0,1,2,54,939
Cedric Paquette,"OTT,CAR",1650000,L,C,24,2,2,4,-10,6,0.17,2,4,0,0,0,0,0,0,10,570
Chandler Stephenson,VGK,1625000,L,C,25,7,11,18,13,6,0.72,5,14,2,4,0,0,0,2,29,1035
Jason Dickinson,DAL,1600000,L,C,24,4,4,8,-5,12,0.33,4,7,0,1,0,0,1,2,24,994
Joel Eriksson Ek,MIN,1525000,L,C,26,11,5,16,14,6,0.62,11,15,0,1,0,0,0,1,60,1054
Vladislav Namestnikov,DET,1500000,L,C,27,5,5,10,-3,8,0.37,5,10,0,0,0,0,0,0,54,979
Luke Glendening,DET,1500000,R,C,27,3,6,9,-2,10,0.33,3,9,0,0,0,0,0,1,29,852
Noel Acciari,FLA,1500000,R,C,19,3,2,5,3,2,0.26,2,4,1,1,0,0,0,1,28,865
Pierre-Edouard Bellemare,COL,1450000,L,C,23,1,0,1,0,8,0.04,1,1,0,0,0,0,0,0,31,696
Jack Roslovic,CBJ,1300000,R,C,23,5,14,19,-4,6,0.83,3,13,2,6,0,0,0,1,39,1018
Tyler Pitlick,ARI,1300000,R,C,28,6,3,9,1,12,0.32,5,8,0,0,1,1,0,0,46,1025
Derek Grant,ANA,1250000,L,C,22,0,4,4,-4,15,0.18,0,4,0,0,0,0,0,0,28,866
Andreas Athanasiou,LAK,1200000,L,C,19,6,5,11,0,6,0.58,6,10,0,1,0,0,0,1,32,881
Mikhail Grigorenko,CBJ,1200000,L,C,18,2,5,7,-1,2,0.39,2,7,0,0,0,0,0,0,17,772
Colton Sceviour,PIT,1200000,R,C,19,2,1,3,-4,0,0.16,2,3,0,0,0,0,0,0,17,481
Sean Kuraly,BOS,1050000,L,C,23,2,2,4,-7,10,0.17,2,3,0,0,0,1,0,2,43,836
Carl Soderberg,CHI,1000000,L,C,24,5,7,12,-3,12,0.5,2,8,3,3,0,1,0,0,28,938
Derick Brassard,ARI,1000000,L,C,28,4,6,10,-4,8,0.36,2,6,2,4,0,0,0,0,37,906
Nick Cousins,NSH,1000000,L,C,27,3,6,9,-1,25,0.33,3,5,0,4,0,0,0,0,33,827
Tyler Ennis,EDM,1000000,L,C,21,3,5,8,1,6,0.38,3,8,0,0,0,0,0,2,24,737
David Kampf,CHI,1000000,L,C,29,0,7,7,2,18,0.24,0,7,0,0,0,0,0,0,39,876
Zach Aston-Reese,PIT,1000000,L,C,16,5,1,6,4,9,0.38,5,6,0,0,0,0,0,0,21,875
Ryan Carpenter,CHI,1000000,R,C,21,4,0,4,-2,6,0.19,2,2,1,1,1,1,0,0,35,808
Vinnie Hinostroza,FLA,1000000,R,C,7,0,0,0,-1,0,0,0,0,0,0,0,0,0,0,3,571
Dominik Kahun,EDM,975000,L,C,25,4,4,8,0,2,0.32,4,8,0,0,0,0,0,0,38,786
Adam Gaudette,VAN,950000,R,C,27,3,3,6,-10,10,0.22,3,4,0,2,0,0,0,0,50,650
Lucas Wallmark,CHI,950000,L,C,14,0,3,3,-1,4,0.21,0,0,0,2,0,1,0,0,7,711
Jack Hughes,NJD,925000,L,C,25,6,8,14,-2,0,0.56,5,11,1,3,0,0,0,1,59,1153
Jesperi Kotkaniemi,MTL,925000,L,C,27,3,11,14,8,8,0.52,3,10,0,4,0,0,0,0,44,857
Pius Suter,CHI,925000,L,C,29,8,5,13,3,6,0.45,7,11,1,2,0,0,1,3,56,985
Gabriel Vilardi,LAK,925000,R,C,27,6,6,12,-2,2,0.44,4,9,2,3,0,0,0,2,30,941
Alexandre Texier,CBJ,925000,L,C,30,4,5,9,-3,8,0.3,4,9,0,0,0,0,0,0,41,885
Eetu Luostarinen,FLA,925000,L,C,27,3,5,8,-5,10,0.3,3,8,0,0,0,0,0,1,29,891
Isac Lundestrom,ANA,925000,L,C,22,5,2,7,-6,14,0.32,5,7,0,0,0,0,0,0,35,891
Dylan Cozens,BUF,925000,R,C,20,3,2,5,-7,5,0.25,2,4,1,1,0,0,0,0,18,818
Trent Frederic,BOS,925000,L,C,25,3,1,4,-3,53,0.16,3,4,0,0,0,0,0,2,30,707
Blake Lizotte,LAK,925000,L,C,21,2,2,4,-4,8,0.19,2,4,0,0,0,0,0,0,17,752
Emil Bemstrom,CBJ,925000,R,C,15,0,2,2,1,0,0.13,0,2,0,0,0,0,0,0,17,704
Rhett Gardner,DAL,925000,L,C,6,0,1,1,-1,2,0.17,0,1,0,0,0,0,0,0,4,562
Reese Johnson,CHI,925000,R,C,4,0,0,0,-2,7,0,0,0,0,0,0,0,0,0,4,492
Gaetan Haas,EDM,915000,R,C,15,2,0,2,0,4,0.13,2,2,0,0,0,0,0,1,11,695
Carter Verhaeghe,FLA,900000,L,C,27,10,10,20,13,23,0.74,10,20,0,0,0,0,0,2,63,1044
Mason Appleton,WPG,900000,R,C,27,8,7,15,6,4,0.56,8,14,0,0,0,1,0,1,38,840
Kevin Stenlund,CBJ,874125,R,C,19,4,3,7,-3,6,0.37,4,6,0,1,0,0,0,1,24,737
Nolan Patrick,PHI,874125,R,C,25,3,3,6,-9,12,0.24,2,5,1,1,0,0,0,0,23,864
Casey Mittelstadt,BUF,874125,L,C,11,1,3,4,-6,0,0.36,0,2,1,2,0,0,0,0,12,782
Tyson Jost,COL,874125,L,C,24,1,2,3,-1,12,0.13,1,3,0,0,0,0,0,0,37,825
Barclay Goodrow,TBL,850000,L,C,26,5,5,10,8,20,0.38,5,10,0,0,0,0,0,1,31,909
Sam Gagner,DET,850000,R,C,21,4,5,9,4,9,0.43,4,9,0,0,0,0,0,1,39,870
Philipp Kurashev,CHI,842500,L,C,28,6,4,10,-10,6,0.36,4,6,2,4,0,0,0,1,37,780
Jordan Kyrou,STL,832500,R,C,28,8,13,21,1,8,0.75,8,18,0,3,0,0,0,2,56,906
Martin Necas,CAR,832500,R,C,24,5,14,19,12,8,0.79,3,12,2,7,0,0,2,2,50,1008
Nick Suzuki,MTL,832500,R,C,27,5,12,17,3,12,0.63,4,12,1,4,0,1,0,0,42,1124
Filip Chytil,NYR,832500,L,C,12,3,3,6,2,2,0.5,3,6,0,0,0,0,0,0,24,840
Michael McLeod,NJD,832500,R,C,23,3,2,5,-4,16,0.22,3,5,0,0,0,0,0,1,26,775
Michael Rasmussen,DET,832500,L,C,13,0,4,4,-4,10,0.31,0,3,0,1,0,0,0,0,12,757
Brett Howden,NYR,832500,L,C,25,0,2,2,-4,9,0.08,0,2,0,0,0,0,0,0,18,782
Dillon Dube,CGY,800000,L,C,25,6,6,12,-3,8,0.48,4,10,2,2,0,0,0,0,45,840
Trevor Moore,LAK,800000,L,C,27,2,7,9,1,10,0.33,1,8,0,0,1,1,0,0,37,796
Curtis Lazar,BUF,800000,R,C,24,4,3,7,-3,0,0.29,4,7,0,0,0,0,0,0,21,793
Jayce Hawryluk,VAN,800000,R,C,6,0,0,0,-1,0,0,0,0,0,0,0,0,0,0,6,481
Yegor Sharangovich,NJD,792500,L,C,23,5,4,9,3,0,0.39,5,9,0,0,0,0,1,2,41,904
Dakota Joshua,STL,792500,L,C,7,1,0,1,-1,5,0.14,1,1,0,0,0,0,0,0,5,505
Teddy Blueger,PIT,750000,L,C,27,4,11,15,8,2,0.56,2,13,0,0,2,2,0,1,28,903
Nic Dowd,WSH,750000,R,C,27,6,2,8,6,20,0.3,6,8,0,0,0,0,0,2,29,862
Nicolas Roy,VGK,750000,R,C,23,1,3,4,4,8,0.17,1,4,0,0,0,0,0,0,19,796
Trevor Lewis,WPG,750000,R,C,27,1,2,3,2,0,0.11,0,2,0,0,1,1,0,0,29,539
Nate Thompson,WPG,750000,L,C,15,1,0,1,2,2,0.07,1,1,0,0,0,0,0,1,3,484
John Hayden,ARI,750000,R,C,12,0,0,0,-5,15,0,0,0,0,0,0,0,0,0,6,573
Andy Andreoff,PHI,750000,L,C,5,0,0,0,-4,9,0,0,0,0,0,0,0,0,0,0,492
Vinni Lettieri,ANA,750000,R,C,5,0,0,0,-3,0,0,0,0,0,0,0,0,0,0,7,763
Juho Lammikko,FLA,725000,L,C,21,3,0,3,-1,2,0.14,3,3,0,0,0,0,0,0,20,601
Jack Studnicka,BOS,725000,R,C,16,1,2,3,-1,0,0.19,1,3,0,0,0,0,0,0,22,792
Jason Spezza,TOR,700000,R,C,29,5,11,16,0,6,0.55,4,11,1,5,0,0,0,1,40,625
Joe Thornton,TOR,700000,L,C,18,3,9,12,1,4,0.67,3,8,0,4,0,0,0,0,20,906
Colin Blackwell,NYR,700000,R,C,17,5,4,9,0,4,0.53,3,7,2,2,0,0,0,1,28,781
Travis Boyd,TOR,700000,R,C,20,3,5,8,1,2,0.4,2,7,1,1,0,0,0,0,15,580
Kevin Rooney,NYR,700000,L,C,24,4,3,7,3,11,0.29,3,6,0,0,1,1,0,0,24,746
Drake Caggiula,ARI,700000,L,C,21,1,6,7,-1,15,0.33,1,7,0,0,0,0,0,0,27,725
Nico Sturm,MIN,700000,L,C,23,3,2,5,1,6,0.22,3,5,0,0,0,0,0,0,31,628
Riley Sheahan,BUF,700000,L,C,25,3,2,5,0,4,0.2,3,5,0,0,0,0,0,0,16,747
Jake Evans,MTL,700000,R,C,25,2,3,5,3,20,0.2,1,4,0,0,1,1,0,0,30,700
Patrick Marleau,SJS,700000,L,C,25,1,4,5,-2,6,0.2,1,5,0,0,0,0,0,0,26,796
Dylan Gambrell,SJS,700000,R,C,21,1,4,5,-5,6,0.24,1,5,0,0,0,0,0,0,20,956
Yakov Trenin,NSH,700000,L,C,17,2,2,4,3,2,0.24,2,4,0,0,0,0,0,0,18,597
Mark Jankowski,PIT,700000,L,C,24,2,2,4,-3,0,0.17,2,4,0,0,0,0,0,0,23,635
Devin Shore,EDM,700000,L,C,16,1,3,4,-3,2,0.25,0,3,0,0,1,1,0,0,7,581
Evan Rodrigues,PIT,700000,R,C,11,1,2,3,0,0,0.27,1,3,0,0,0,0,0,0,16,924
Steven Lorentz,CAR,700000,L,C,16,1,1,2,-1,6,0.13,1,2,0,0,0,0,0,1,12,609
Matthew Highmore,CHI,700000,L,C,20,0,2,2,-5,6,0.1,0,2,0,0,0,0,0,0,18,542
Michael Amadio,LAK,700000,R,C,20,0,2,2,-5,2,0.1,0,1,0,1,0,0,0,0,19,746
Zack MacEwen,VAN,700000,R,C,16,1,0,1,1,17,0.06,1,1,0,0,0,0,0,0,16,469
Anthony Angello,PIT,700000,R,C,8,1,0,1,1,2,0.13,1,1,0,0,0,0,0,0,6,458
Sam Lafferty,PIT,700000,R,C,17,0,1,1,-8,8,0.06,0,1,0,0,0,0,0,0,15,505
Kyle Rau,MIN,700000,L,C,7,0,1,1,-1,5,0.14,0,1,0,0,0,0,0,0,13,507
Michael Chaput,ARI,700000,L,C,9,0,0,0,-4,4,0,0,0,0,0,0,0,0,0,2,593
Jansen Harkins,WPG,700000,L,C,12,0,0,0,-3,4,0,0,0,0,0,0,0,0,0,7,478
Joel L'Esperance,DAL,700000,R,C,5,0,0,0,-2,2,0,0,0,0,0,0,0,0,0,3,586
Patrick Brown,VGK,700000,R,C,1,0,0,0,0,2,0,0,0,0,0,0,0,0,0,1,516
Joakim Nordstrom,CGY,700000,L,C,23,0,0,0,-3,6,0,0,0,0,0,0,0,0,0,18,609
Artemi Panarin,NYR,13000000,R,L,15,5,14,19,0,0,1.27,3,12,2,7,0,0,0,0,45,1229
Jeff Skinner,BUF,10000000,L,L,23,1,1,2,-8,10,0.09,1,2,0,0,0,0,0,0,45,821
Chris Kreider,NYR,10000000,L,L,26,14,5,19,-4,19,0.73,8,13,6,6,0,0,0,3,55,1034
Alex Ovechkin,WSH,10000000,R,L,23,10,10,20,-9,10,0.87,7,12,3,8,0,0,1,3,94,1221
Jamie Benn,DAL,9000000,L,L,20,4,9,13,6,23,0.65,4,11,0,2,0,0,0,0,48,1067
Kyle Connor,WPG,8000000,L,L,27,12,13,25,-2,6,0.93,6,18,6,7,0,0,0,2,82,1119
Taylor Hall,BUF,8000000,L,L,26,2,14,16,-17,20,0.62,1,10,1,6,0,0,0,0,67,1155
Zach Parise,MIN,8000000,L,L,25,3,9,12,3,6,0.48,3,10,0,2,0,0,0,1,54,957
James van Riemsdyk,PHI,7000000,L,L,25,12,16,28,8,10,1.12,5,20,7,8,0,0,0,0,60,1004
Max Pacioretty,VGK,7000000,L,L,25,13,12,25,11,4,1,10,21,3,4,0,0,3,4,110,1062
Matthew Tkachuk,CGY,7000000,L,L,28,7,15,22,3,28,0.79,4,12,3,10,0,0,0,0,90,1158
Johnny Gaudreau,CGY,6750000,L,L,28,11,12,23,1,4,0.82,5,12,6,11,0,0,1,3,56,1151
Gabriel Landeskog,COL,6500000,L,L,24,7,10,17,2,14,0.71,4,13,3,4,0,0,2,4,70,1202
Filip Forsberg,NSH,6000000,R,L,28,10,17,27,-7,12,0.96,7,17,3,10,0,0,1,3,106,1108
Evander Kane,SJS,6000000,L,L,25,11,12,23,-1,30,0.92,8,17,2,5,1,1,1,1,82,1179
Anders Lee,NYI,5850000,L,L,27,12,7,19,11,12,0.7,9,15,3,4,0,0,0,3,80,1052
James Neal,EDM,5750000,L,L,16,3,3,6,0,7,0.38,2,4,1,2,0,0,0,0,32,754
Nick Foligno,CBJ,5500000,L,L,30,5,7,12,2,18,0.4,4,7,1,2,0,3,0,0,53,1084
Brandon Saad,COL,5416667,L,L,25,9,7,16,-2,10,0.64,9,15,0,1,0,0,0,0,39,878
Jonathan Huberdeau,FLA,5300000,L,L,27,10,22,32,1,12,1.19,7,18,3,14,0,0,1,1,49,1041
Alex DeBrincat,CHI,5100000,R,L,25,15,14,29,7,2,1.16,10,19,5,10,0,0,2,3,82,1229
Brad Marchand,BOS,5000000,L,L,25,12,19,31,12,20,1.24,9,19,2,9,1,3,1,1,57,1131
Jake Guentzel,PIT,5000000,L,L,27,10,14,24,3,16,0.89,7,15,3,9,0,0,0,4,74,1221
Nikolaj Ehlers,WPG,4750000,L,L,27,14,15,29,10,7,1.07,10,22,4,7,0,0,1,3,84,1007
Jonathan Drouin,MTL,4500000,L,L,27,2,16,18,1,12,0.67,2,15,0,3,0,0,0,0,43,956
Alex Killorn,TBL,4450000,L,L,26,7,10,17,6,16,0.65,5,12,2,4,0,1,1,1,58,1121
Andre Burakovsky,COL,4400000,L,L,23,6,11,17,3,4,0.74,3,11,3,6,0,0,0,1,46,897
Nikita Gusev,NJD,4000000,R,L,17,2,3,5,-11,0,0.29,2,4,0,1,0,0,0,0,40,827
Jaden Schwartz,STL,4000000,L,L,14,2,7,9,9,10,0.64,2,8,0,1,0,0,0,0,23,1098
Loui Eriksson,VAN,4000000,L,L,6,0,1,1,-2,2,0.17,0,1,0,0,0,0,0,0,5,563
Mathieu Perreault,WPG,4000000,L,L,27,6,5,11,7,4,0.41,5,10,1,1,0,0,0,0,32,679
Tanner Pearson,VAN,3850000,L,L,31,5,5,10,-6,24,0.32,4,8,1,2,0,0,0,0,72,990
Tomas Tatar,MTL,3803774,L,L,26,5,11,16,2,6,0.62,3,10,2,6,0,0,0,1,48,879
Rickard Rakell,ANA,3800000,R,L,29,6,13,19,-3,4,0.66,6,16,0,3,0,0,0,1,95,1110
Andreas Johnsson,NJD,3600000,L,L,25,3,4,7,3,8,0.28,2,6,1,1,0,0,0,0,31,861
Kevin Fiala,MIN,3500000,L,L,23,9,4,13,-2,33,0.57,6,10,3,3,0,0,0,3,75,1022
Brandon Tanev,PIT,3500000,L,L,27,6,7,13,10,7,0.48,5,11,0,0,1,2,0,0,38,883
Ryan Dzingel,"CAR,OTT",3500000,L,L,17,5,2,7,-3,10,0.41,3,5,2,2,0,0,0,0,22,798
Milan Lucic,CGY,3500000,L,L,28,6,4,10,-9,27,0.36,5,9,1,1,0,0,0,0,40,780
Ondrej Palat,TBL,3445000,L,L,26,11,15,26,6,4,1,4,11,7,15,0,0,0,4,59,1037
Pierre-Luc Dubois,"CBJ,WPG",3350000,L,L,17,5,3,8,-4,10,0.47,5,7,0,1,0,0,2,3,29,922
David Perron,STL,3087500,R,L,28,11,18,29,-1,16,1.04,7,17,4,12,0,0,1,2,78,1123
Jakub Vrana,WSH,3000000,L,L,26,10,10,20,9,4,0.77,10,18,0,2,0,0,1,3,58,895
Marcus Foligno,MIN,3000000,L,L,23,7,9,16,13,29,0.7,6,15,0,0,1,1,0,1,24,871
Darren Helm,DET,3000000,L,L,20,1,2,3,-6,6,0.15,1,3,0,0,0,0,0,0,40,834
Victor Olofsson,BUF,2850000,L,L,26,8,11,19,-13,2,0.73,2,7,6,12,0,0,0,0,58,1075
Paul Byron,MTL,2800000,L,L,26,2,5,7,2,8,0.27,2,7,0,0,0,0,0,0,22,751
Danton Heinen,ANA,2775000,L,L,20,3,3,6,-3,0,0.3,2,5,1,1,0,0,0,1,34,863
Carl Hagelin,WSH,2700000,L,L,27,3,4,7,3,2,0.26,3,7,0,0,0,0,0,0,42,858
J.T. Compher,COL,2600000,R,L,21,2,2,4,-2,15,0.19,1,2,1,2,0,0,0,0,22,907
Zach Hyman,TOR,2500000,R,L,28,10,8,18,14,24,0.64,7,14,3,4,0,0,0,1,73,1186
Miles Wood,NJD,2500000,L,L,25,8,4,12,-3,17,0.48,6,10,2,2,0,0,0,1,54,880
Antoine Roussel,VAN,2500000,L,L,29,1,2,3,3,35,0.1,1,2,0,0,0,1,0,0,24,707
Alex Iafallo,LAK,2450000,L,L,26,6,11,17,0,0,0.65,3,12,3,5,0,0,0,0,54,1194
Andrew Mangiapane,CGY,2400000,L,L,28,8,6,14,-3,12,0.5,6,10,1,3,1,1,0,1,46,1053
Anthony Beauvillier,NYI,2400000,L,L,20,2,4,6,5,6,0.3,2,5,0,1,0,0,0,2,46,991
Artturi Lehkonen,MTL,2400000,L,L,21,2,2,4,-2,2,0.19,0,2,0,0,2,2,0,0,33,787
Oskar Lindblom,PHI,2400000,L,L,22,2,5,7,-4,2,0.32,2,7,0,0,0,0,0,0,33,878
Brock McGinn,CAR,2300000,L,L,27,8,5,13,3,6,0.48,7,12,0,0,1,1,0,1,43,915
Warren Foegele,CAR,2150000,L,L,24,5,5,10,3,12,0.42,5,10,0,0,0,0,0,0,36,795
Jordan Martinook,CAR,2150000,L,L,24,1,6,7,-4,10,0.29,1,6,0,0,0,1,0,0,26,740
Jesper Bratt,NJD,2050000,L,L,19,1,9,10,0,2,0.53,1,8,0,1,0,1,0,0,44,947
Nick Ritchie,BOS,2000000,L,L,25,8,7,15,-5,19,0.6,3,6,5,9,0,0,0,1,50,945
Roope Hintz,DAL,2000000,L,L,17,7,8,15,2,2,0.88,5,7,2,8,0,0,0,0,37,1095
Blake Comeau,DAL,2000000,R,L,20,1,5,6,2,4,0.3,1,5,0,0,0,1,0,0,29,961
Matt Calvert,COL,1875000,L,L,13,0,1,1,-3,4,0.08,0,1,0,0,0,0,0,0,17,840
Erik Haula,NSH,1750000,L,L,24,3,5,8,-5,8,0.33,1,5,1,2,1,1,0,0,31,937
Anthony Duclair,FLA,1700000,L,L,20,2,10,12,9,6,0.6,2,11,0,1,0,0,0,0,53,936
Jordan Greenway,MIN,1600000,L,L,26,5,14,19,10,28,0.73,5,18,0,1,0,0,0,0,42,985
Matt Martin,NYI,1500000,L,L,29,5,4,9,4,16,0.31,5,9,0,0,0,0,0,0,44,623
Austin Watson,OTT,1500000,R,L,31,3,6,9,-7,40,0.29,3,8,0,0,0,1,0,0,36,724
Brendan Lemieux,NYR,1450000,L,L,24,1,3,4,1,46,0.17,1,4,0,0,0,0,0,0,25,643
Michael Raffl,PHI,1400000,L,L,21,3,4,7,0,12,0.33,3,7,0,0,0,0,0,2,19,790
Anders Bjork,BOS,1400000,L,L,23,1,2,3,-3,10,0.13,1,3,0,0,0,0,0,0,14,715
Lawson Crouse,ARI,1350000,L,L,25,1,2,3,-11,13,0.12,1,2,0,1,0,0,0,0,26,869
Jujhar Khaira,EDM,1300000,L,L,21,3,5,8,2,33,0.38,3,8,0,0,0,0,0,2,25,740
Pierre Engvall,TOR,1250000,L,L,21,2,4,6,-1,6,0.29,2,6,0,0,0,0,0,0,33,732
Tomas Nosek,VGK,1250000,L,L,17,2,1,3,-3,4,0.18,2,3,0,0,0,0,0,0,20,739
Nicolas Deslauriers,ANA,1000000,L,L,25,3,3,6,-5,17,0.24,3,6,0,0,0,0,0,1,30,663
Johan Larsson,ARI,1000000,L,L,26,4,1,5,-7,15,0.19,4,5,0,0,0,0,0,2,21,807
William Carrier,VGK,1000000,L,L,22,0,2,2,-4,8,0.09,0,2,0,0,0,0,0,0,20,587
Ross Johnston,NYI,1000000,L,L,6,0,0,0,-2,18,0,0,0,0,0,0,0,0,0,2,509
Adam Erne,DET,997500,L,L,21,3,4,7,-4,13,0.33,2,4,1,3,0,0,0,0,23,724
Eric Robinson,CBJ,975000,L,L,30,4,5,9,3,2,0.3,4,9,0,0,0,0,0,2,42,676
Kirill Kaprizov,MIN,925000,L,L,26,10,14,24,10,8,0.92,8,22,2,2,0,0,1,2,67,1104
Joel Farabee,PHI,925000,L,L,24,11,11,22,6,10,0.92,11,18,0,4,0,0,0,1,60,956
Brady Tkachuk,OTT,925000,L,L,31,11,10,21,-10,36,0.68,8,15,3,6,0,0,1,2,132,1109
Tim StÃ¯Â¿Â,OTT,925000,L,L,28,6,11,17,-15,10,0.61,4,11,2,6,0,0,0,0,62,945
Brandon Hagel,CHI,925000,L,L,26,2,7,9,-1,9,0.35,2,8,0,0,0,1,0,0,39,801
John Leonard,SJS,925000,L,L,20,3,4,7,-8,2,0.35,2,6,1,1,0,0,0,0,27,763
Joel Kiviranta,DAL,925000,L,L,15,3,4,7,4,6,0.47,2,6,1,1,0,0,0,0,16,750
Jimmy Vesey,TOR,900000,L,L,30,5,2,7,-4,4,0.23,5,7,0,0,0,0,0,1,32,667
Austin Wagner,LAK,900000,L,L,20,3,3,6,-4,6,0.3,3,6,0,0,0,0,0,1,34,643
Mackenzie MacEachern,STL,900000,L,L,17,1,1,2,2,4,0.12,0,1,0,0,1,1,0,0,21,569
Josh Leivo,CGY,875000,R,L,22,3,2,5,-3,8,0.23,3,5,0,0,0,0,0,2,32,668
Jason Robertson,DAL,842500,L,L,19,4,9,13,1,8,0.68,4,13,0,0,0,0,0,0,31,835
Max Jones,ANA,832500,L,L,19,4,1,5,-4,13,0.26,2,2,2,3,0,0,0,0,32,826
Kieffer Bellows,NYI,832500,L,L,10,3,0,3,1,2,0.3,3,3,0,0,0,0,0,1,14,640
Nils Hoglander,VAN,825000,L,L,31,5,7,12,-4,10,0.39,4,11,1,1,0,0,0,1,68,905
Janne Kuokkanen,NJD,800000,L,L,20,5,6,11,3,10,0.55,4,9,1,2,0,0,0,0,21,779
Mikhail Maltsev,NJD,792500,L,L,13,4,0,4,3,4,0.31,4,4,0,0,0,0,0,0,23,648
Conor Sheary,WSH,735000,L,L,24,6,2,8,-1,10,0.33,6,8,0,0,0,0,0,0,27,755
Rudolfs Balcers,SJS,735000,L,L,13,2,5,7,-3,2,0.54,2,6,0,1,0,0,0,1,17,850
Kenny Agostino,TOR,725000,L,L,1,0,0,0,0,0,0,0,0,0,0,0,0,0,0,0,248
Phillip Di Giuseppe,NYR,700000,L,L,23,1,6,7,2,2,0.3,1,7,0,0,0,0,0,0,37,686
Mason Marchment,FLA,700000,L,L,10,2,4,6,0,6,0.6,2,6,0,0,0,0,0,0,14,774
Tobias Rieder,BUF,700000,L,L,23,4,0,4,-5,0,0.17,4,4,0,0,0,0,0,0,34,740
Kyle Clifford,STL,700000,L,L,26,3,1,4,-1,19,0.15,3,4,0,0,0,0,0,0,35,547
Ryan Lomberg,FLA,700000,L,L,18,1,1,2,1,9,0.11,1,2,0,0,0,0,0,0,25,584
Michael Dal Colle,NYI,700000,L,L,16,0,2,2,1,2,0.13,0,2,0,0,0,0,0,0,5,665
Nathan Walker,STL,700000,L,L,6,1,0,1,-3,2,0.17,1,1,0,0,0,0,0,0,9,839
Marc Michaelis,VAN,700000,L,L,5,0,0,0,-4,2,0,0,0,0,0,0,0,0,0,1,661
Mitchell Marner,TOR,15000000,R,R,30,11,28,39,15,14,1.3,11,25,0,13,0,1,0,2,82,1358
Mikko Rantanen,COL,12000000,L,R,26,13,15,28,7,6,1.08,8,18,5,10,0,0,0,3,87,1210
Mark Stone,VGK,8000000,R,R,24,9,22,31,16,15,1.29,8,25,1,6,0,0,0,5,42,1085
Patrick Kane,CHI,7000000,L,R,29,11,30,41,8,12,1.41,9,27,2,14,0,0,0,1,103,1323
Blake Wheeler,WPG,6500000,R,R,27,7,18,25,-6,22,0.93,5,14,2,11,0,0,0,1,62,1142
Jakub Voracek,PHI,6250000,L,R,22,3,15,18,-1,10,0.82,3,14,0,4,0,0,0,0,44,991
Brock Boeser,VAN,6125000,R,R,31,14,15,29,0,10,0.94,8,18,5,10,1,1,0,1,72,1148
William Nylander,TOR,6000000,R,R,30,12,12,24,9,8,0.8,9,16,3,8,0,0,1,2,75,979
Kyle Okposo,BUF,6000000,R,R,21,0,3,3,-6,0,0.14,0,3,0,0,0,0,0,0,25,769
Patrik Laine,"WPG,CBJ",5550000,R,R,21,9,6,15,-10,15,0.71,5,10,4,5,0,0,1,1,46,1088
Clayton Keller,ARI,5500000,L,R,28,8,13,21,1,12,0.75,5,15,3,6,0,0,0,2,65,1014
Vladimir Tarasenko,STL,5500000,L,R,4,1,3,4,-3,0,1,1,3,0,1,0,0,0,0,11,1148
Patric Hornqvist,FLA,5300000,R,R,27,11,11,22,1,15,0.81,5,13,6,9,0,0,0,2,91,986
Cam Atkinson,CBJ,5275000,R,R,30,11,10,21,-3,4,0.7,7,11,0,6,4,4,0,2,90,1106
Jakob Silfverberg,ANA,5250000,R,R,29,6,5,11,-13,12,0.38,4,8,1,2,1,1,0,0,60,1033
Sam Reinhart,BUF,5200000,R,R,24,11,8,19,-16,6,0.79,6,10,5,9,0,0,0,2,52,1194
Phil Kessel,ARI,5100000,R,R,28,9,9,18,-10,10,0.64,7,12,2,6,0,0,0,0,50,1005
Travis Konecny,PHI,5000000,R,R,19,7,8,15,4,10,0.79,4,9,3,6,0,0,0,1,31,959
Josh Bailey,NYI,5000000,L,R,29,3,12,15,4,2,0.52,3,9,0,6,0,0,0,1,51,1072
Mats Zuccarello,MIN,5000000,L,R,15,4,14,18,9,4,1.2,4,16,0,2,0,0,0,0,31,989
Alex Tuch,VGK,4750000,R,R,25,13,7,20,10,16,0.8,11,16,2,4,0,0,0,1,53,989
Jordan Eberle,NYI,4750000,R,R,29,9,10,19,8,8,0.66,8,16,1,3,0,0,0,1,71,1039
T.J. Oshie,WSH,4500000,R,R,26,6,12,18,-8,14,0.69,1,10,5,8,0,0,0,0,47,1100
Anthony Mantha,DET,4500000,L,R,28,8,6,14,-13,9,0.5,6,12,2,2,0,0,0,0,68,1074
Nino Niederreiter,CAR,4250000,L,R,27,12,6,18,11,17,0.67,10,15,2,3,0,0,0,4,67,930
Viktor Arvidsson,NSH,4250000,R,R,28,3,10,13,-4,8,0.46,2,11,1,2,0,0,0,0,93,1037
Kyle Palmieri,NJD,4250000,R,R,24,4,8,12,-4,16,0.5,3,7,0,4,1,1,0,1,59,1093
Tom Wilson,WSH,4100000,R,R,21,7,10,17,1,25,0.81,4,12,2,4,1,1,0,3,33,1040
David Pastrnak,BOS,4000000,R,R,18,12,10,22,9,6,1.22,8,17,4,5,0,0,0,1,74,1133
Dustin Brown,LAK,4000000,R,R,26,13,6,19,2,14,0.73,6,10,7,9,0,0,0,0,69,1050
Timo Meier,SJS,4000000,L,R,23,5,12,17,-1,10,0.74,4,9,1,8,0,0,0,0,69,954
Josh Anderson,MTL,4000000,R,R,24,10,4,14,1,23,0.58,9,12,0,1,1,1,0,3,65,902
Pavel Buchnevich,NYR,3500000,L,R,26,8,14,22,1,7,0.85,8,16,0,5,0,1,0,1,62,1132
Bryan Rust,PIT,3500000,R,R,27,9,10,19,3,4,0.7,7,14,2,5,0,0,0,1,90,1184
Reilly Smith,VGK,3500000,L,R,25,6,5,11,10,2,0.44,4,9,1,1,1,1,1,1,52,1056
Kevin Labanc,SJS,3200000,R,R,25,7,10,17,-2,14,0.68,7,15,0,2,0,0,0,1,59,986
David Backes,ANA,3000000,R,R,10,2,0,2,-3,2,0.2,2,2,0,0,0,0,0,1,24,802
Joonas Donskoi,COL,2900000,R,R,26,7,7,14,3,4,0.54,5,11,2,3,0,0,0,1,22,784
Kasperi Kapanen,PIT,2860000,R,R,24,7,11,18,12,5,0.75,6,17,1,1,0,0,1,3,41,952
Connor Brown,OTT,2800000,R,R,31,6,8,14,-9,6,0.45,6,13,0,1,0,0,0,1,59,1091
Brendan Gallagher,MTL,2750000,R,R,27,10,6,16,6,8,0.59,7,13,3,3,0,0,0,2,86,915
Oliver Bjorkstrand,CBJ,2500000,R,R,30,10,13,23,-4,23,0.77,8,20,2,3,0,0,0,0,72,1012
Cal Clutterbuck,NYI,2500000,R,R,27,3,5,8,0,2,0.3,3,8,0,0,0,0,0,1,26,791
Joel Armia,MTL,2400000,R,R,20,5,5,10,8,6,0.5,4,8,0,0,1,2,0,0,40,866
Denis Gurianov,DAL,2200000,L,R,24,5,9,14,-6,12,0.58,2,8,3,6,0,0,0,1,61,1011
Valeri Nichushkin,COL,2200000,L,R,26,5,4,9,-1,2,0.35,4,8,0,0,1,1,1,3,45,790
Richard Panik,WSH,2200000,L,R,27,2,6,8,-6,14,0.3,1,7,1,1,0,0,0,0,34,739
Alex Chiasson,EDM,2150000,R,R,22,5,4,9,-1,17,0.41,2,5,3,4,0,0,0,1,26,739
Rocco Grimaldi,NSH,2000000,R,R,20,3,1,4,-9,4,0.2,3,4,0,0,0,0,0,0,27,754
Ryan Hartman,MIN,1900000,R,R,21,3,6,9,4,10,0.43,2,7,0,0,1,2,0,0,33,782
Jake Virtanen,VAN,1700000,R,R,26,3,0,3,-2,26,0.12,2,2,1,1,0,0,0,1,38,721
Chris Wagner,BOS,1525000,R,R,23,2,1,3,-8,19,0.13,1,2,0,0,1,1,0,0,28,706
Josh Archibald,EDM,1500000,R,R,26,4,2,6,-2,27,0.23,4,6,0,0,0,0,0,0,33,787
Ryan Reaves,VGK,1375000,R,R,25,0,2,2,-5,18,0.08,0,2,0,0,0,0,0,0,15,590
Troy Terry,ANA,1350000,R,R,22,4,3,7,0,8,0.32,4,7,0,0,0,0,0,0,35,779
Garnet Hathaway,WSH,1300000,R,R,27,3,6,9,7,21,0.33,3,9,0,0,0,0,0,0,22,730
Tage Thompson,BUF,1200000,R,R,11,1,1,2,-3,2,0.18,1,2,0,0,0,0,0,0,20,783
Ilya Mikheyev,TOR,1100000,L,R,30,4,5,9,-1,4,0.3,4,9,0,0,0,0,0,2,60,870
Bobby Ryan,DET,1000000,R,R,28,6,7,13,-10,25,0.46,6,11,0,2,0,0,0,0,67,950
Jesper Fast,CAR,1000000,R,R,22,3,7,10,-4,8,0.45,2,7,1,3,0,0,0,0,16,875
Andrei Svechnikov,CAR,925000,L,R,27,8,14,22,1,24,0.81,5,12,3,10,0,0,0,0,78,1050
Filip Zadina,DET,925000,L,R,22,3,8,11,2,0,0.5,2,8,1,3,0,0,0,0,43,960
Oliver Wahlstrom,NYI,925000,R,R,22,5,5,10,5,8,0.45,4,5,1,5,0,0,0,1,44,684
Nicolas Aube-Kubel,PHI,925000,R,R,24,2,5,7,-3,21,0.29,2,7,0,0,0,0,0,0,19,709
Kaapo Kakko,NYR,925000,L,R,19,2,2,4,-2,8,0.21,2,4,0,0,0,0,0,0,38,918
Jesse Puljujarvi,EDM,900000,R,R,29,7,3,10,0,12,0.34,6,8,1,2,0,0,0,0,65,869
Christian Fischer,ARI,874125,R,R,24,0,1,1,-8,2,0.04,0,1,0,0,0,0,0,0,18,699
Kailer Yamamoto,EDM,832500,R,R,30,7,8,15,7,16,0.5,7,14,0,0,0,1,0,0,44,986
Eeli Tolvanen,NSH,832500,L,R,19,5,3,8,-6,2,0.42,1,2,4,6,0,0,0,1,30,833
Owen Tippett,FLA,832500,R,R,18,3,3,6,-4,4,0.33,2,5,1,1,0,0,0,1,26,669
Julien Gauthier,NYR,832500,R,R,19,1,4,5,-2,6,0.26,1,5,0,0,0,0,0,0,25,605
Conor Garland,ARI,800000,R,R,27,8,14,22,3,14,0.81,6,17,2,5,0,0,0,1,70,1075
Corey Perry,MTL,750000,R,R,20,5,5,10,7,16,0.5,5,7,0,3,0,0,0,1,25,745
Mathieu Olivier,NSH,730000,R,R,16,1,2,3,-2,26,0.19,0,2,1,1,0,0,0,0,13,615
Drake Batherson,OTT,700000,R,R,31,11,10,21,-11,6,0.68,8,11,3,10,0,0,0,2,69,961
Mathieu Joseph,TBL,700000,L,R,26,6,4,10,2,4,0.38,5,8,1,2,0,0,0,2,27,656
Daniel Sprong,WSH,700000,R,R,16,5,2,7,3,2,0.44,5,7,0,0,0,0,0,0,18,596
Carl Grundstrom,LAK,700000,L,R,25,3,3,6,-3,8,0.24,3,4,0,2,0,0,0,1,36,756
Nathan Bastian,NJD,700000,R,R,25,2,4,6,2,11,0.24,2,6,0,0,0,0,0,0,31,690
Alexander Volkov,TBL,700000,L,R,17,3,2,5,2,4,0.29,3,4,0,1,0,0,0,0,16,571
Brett Ritchie,CGY,700000,R,R,7,1,2,3,0,6,0.43,1,3,0,0,0,0,0,0,7,557
Keegan Kolesar,VGK,700000,R,R,21,0,3,3,-3,14,0.14,0,3,0,0,0,0,0,0,15,534
Patrick Russell,EDM,700000,R,R,7,0,2,2,1,0,0.29,0,2,0,0,0,0,0,0,10,639
Matt Luff,LAK,700000,R,R,10,1,0,1,-3,5,0.1,1,1,0,0,0,0,0,0,14,612
Kurtis Gabriel,SJS,700000,R,R,6,0,0,0,1,21,0,0,0,0,0,0,0,0,0,1,475
